-- phpMyAdmin SQL Dump
-- version 5.1.1
-- https://www.phpmyadmin.net/
--
-- Host: 127.0.0.1
-- Generation Time: Jun 25, 2022 at 05:15 PM
-- Server version: 10.4.19-MariaDB
-- PHP Version: 8.0.7

SET SQL_MODE = "NO_AUTO_VALUE_ON_ZERO";
START TRANSACTION;
SET time_zone = "+00:00";


/*!40101 SET @OLD_CHARACTER_SET_CLIENT=@@CHARACTER_SET_CLIENT */;
/*!40101 SET @OLD_CHARACTER_SET_RESULTS=@@CHARACTER_SET_RESULTS */;
/*!40101 SET @OLD_COLLATION_CONNECTION=@@COLLATION_CONNECTION */;
/*!40101 SET NAMES utf8mb4 */;

--
-- Database: `ecomm`
--

-- --------------------------------------------------------

--
-- Table structure for table `cart`
--

CREATE TABLE `cart` (
  `id` int(11) NOT NULL,
  `user_id` int(11) NOT NULL,
  `product_id` int(11) NOT NULL,
  `quantity` int(11) NOT NULL
) ENGINE=InnoDB DEFAULT CHARSET=latin1;

--
-- Dumping data for table `cart`
--

INSERT INTO `cart` (`id`, `user_id`, `product_id`, `quantity`) VALUES
(1, 13, 1, 1),
(2, 13, 2, 1);

-- --------------------------------------------------------

--
-- Table structure for table `category`
--

CREATE TABLE `category` (
  `id` int(11) NOT NULL,
  `name` varchar(100) NOT NULL,
  `cat_slug` varchar(150) NOT NULL
) ENGINE=InnoDB DEFAULT CHARSET=latin1;

--
-- Dumping data for table `category`
--

INSERT INTO `category` (`id`, `name`, `cat_slug`) VALUES
(1, 'VEGETABLE', 'vegetable'),
(2, 'RICE', 'grains'),
(3, 'TOOLS', 'tools'),
(4, 'FRUITS', 'fruits'),
(5, 'PULSES', 'pulses'),
(6, 'MILLETS', 'cereals'),
(7, 'SPICES', 'nuts'),
(8, 'LEAVES', 'leaves');

-- --------------------------------------------------------

--
-- Table structure for table `contact`
--

CREATE TABLE `contact` (
  `Id` int(10) NOT NULL,
  `Name` varchar(50) NOT NULL,
  `surname` varchar(50) NOT NULL,
  `Email` varchar(50) NOT NULL,
  `Message` varchar(500) NOT NULL,
  `Date` timestamp NOT NULL DEFAULT current_timestamp() ON UPDATE current_timestamp(),
  `Isdelete` bit(1) NOT NULL DEFAULT b'1'
) ENGINE=InnoDB DEFAULT CHARSET=utf8mb4;

--
-- Dumping data for table `contact`
--

INSERT INTO `contact` (`Id`, `Name`, `surname`, `Email`, `Message`, `Date`, `Isdelete`) VALUES
(1, 'sumanraj', 'LK', '95soundariya1@gmail.com', 'JNJ', '2022-05-26 15:42:31', b'1'),
(3, ' K.SOUNDARIYA', 'Sumanraj', '95soundariya1@gmail.com', 'sd', '2022-05-26 15:42:31', b'1');

-- --------------------------------------------------------

--
-- Table structure for table `details`
--

CREATE TABLE `details` (
  `id` int(11) NOT NULL,
  `sales_id` int(11) NOT NULL,
  `product_id` int(11) NOT NULL,
  `quantity` int(11) NOT NULL
) ENGINE=InnoDB DEFAULT CHARSET=latin1;

-- --------------------------------------------------------

--
-- Table structure for table `products`
--

CREATE TABLE `products` (
  `id` int(11) NOT NULL,
  `category_id` int(11) NOT NULL,
  `name` text NOT NULL,
  `description` text NOT NULL,
  `slug` varchar(200) NOT NULL,
  `price` double NOT NULL,
  `photo` varchar(200) NOT NULL,
  `date_view` date NOT NULL,
  `counter` int(11) NOT NULL
) ENGINE=InnoDB DEFAULT CHARSET=latin1;

--
-- Dumping data for table `products`
--

INSERT INTO `products` (`id`, `category_id`, `name`, `description`, `slug`, `price`, `photo`, `date_view`, `counter`) VALUES
(1, 1, 'Tomato', '<h1 style=\"background: rgb(238, 238, 238); border: 1px solid rgb(204, 204, 204); padding: 5px 10px;\">Orginal Price:<s>20</s></h1>\r\n\r\n<p>Tomatoes are loaded with a substance called lycopene. It gives them their bright red color and helps protect them from the ultraviolet rays of the sun. In much the same way, it can help protect your cells from damage. Tomatoes also have potassium, vitamins B and E, and other nutrients.</p>\r\n\r\n<p>The water content of tomatoes is around 95%. The other 5% consists mainly of carbohydrates&nbsp;and fiber.</p>\r\n\r\n<p>Here are the nutrients in a small (100-gram) raw tomato:</p>\r\n\r\n<ul>\r\n	<li><strong>Calories:&nbsp;</strong>18</li>\r\n	<li><strong>Water:&nbsp;</strong>95%</li>\r\n	<li><strong>Protein:&nbsp;</strong>0.9 grams</li>\r\n	<li><strong>Carbs:&nbsp;</strong>3.9 grams</li>\r\n	<li><strong>Sugar:&nbsp;</strong>2.6 grams</li>\r\n	<li><strong>Fiber:&nbsp;</strong>1.2 grams</li>\r\n	<li><strong>Fat:&nbsp;</strong>0.2 grams</li>\r\n</ul>\r\n', 'tomato', 15, 'tomato.jpg', '2022-06-20', 4),
(2, 1, 'Potato', '<h1 style=\"background: rgb(238, 238, 238); border: 1px solid rgb(204, 204, 204); padding: 5px 10px;\">Orginal Price : <s>30</s></h1>\r\n\r\n<p>Potatoes are nutrient-dense, non-fattening and have reasonable amount of calories. Include them in your regular meals so that the body receives a good supply of carbohydrates, dietary fibers and essential minerals such as copper, magnesium, and iron. In India, potatoes are probably the second-most consumed vegetables after onions.</p>\r\n\r\n<p>Benefits</p>\r\n\r\n<ul>\r\n	<li>Consumption of potatoes helps to maintain the blood glucose level and keeps the brain alert and active.</li>\r\n	<li>Potatoes should be included in the diet of those having mouth ulcers. As they are easy to digest, they are good for patients.</li>\r\n	<li>People who are diagnosed with kidney stones or heart disorders can include potatoes in their diet as they are light on the stomach.</li>\r\n	<li>Apart from containing useful minerals such as potassium, iron, copper and magnesium, potatoes are also full of phytochemical antioxidants such as flavonoids, Vitamin B and folate.</li>\r\n</ul>\r\n\r\n<p>Storage and Uses</p>\r\n\r\n<ul>\r\n	<li>Potatoes should always be stored in a cool, dark and dry place that is preferably in your visibility.If not attended to for a long time these potatoes will begin to sprout due to preferable environment conditions like that under the soil and end up loosing nutritional value.</li>\r\n	<li>Never keep under direct sunlight as they soon turn green due to the chlorophyll produced which releases some toxic substances.Refrigeration adversely affects the flavour of potatoes, therefore it is best to store them in paper bags. Remember, plastic bags promote moisture and speed decay process.</li>\r\n	<li>They can be baked, roasted, steamed, grilled and deep fried. Also can be cooked and added to noodles, rice and curries.</li>\r\n</ul>\r\n', 'potato', 20, 'potato_1654924617.jpg', '2022-06-20', 5),
(3, 1, 'Brinjal', '<h1 style=\"background: rgb(238, 238, 238); border: 1px solid rgb(204, 204, 204); padding: 5px 10px;\">Orginal Price :<s> 50</s></h1>\r\n\r\n<p>Eggplants are a nutrient dense food&nbsp;meaning they contain a good amount of vitamins, minerals and fiber in few calories.</p>\r\n\r\n<p>One cup (82 grams) of raw eggplant contains the following nutrients:</p>\r\n\r\n<ul>\r\n	<li><strong>Calories:</strong>&nbsp;20</li>\r\n	<li><strong>Carbs:</strong>&nbsp;5 grams</li>\r\n	<li><strong>Fiber:</strong>&nbsp;3 grams</li>\r\n	<li><strong>Protein:</strong>&nbsp;1 gram</li>\r\n	<li><strong>Manganese:</strong>&nbsp;10% of the RDI</li>\r\n	<li><strong>Folate:</strong>&nbsp;5% of the RDI</li>\r\n	<li><strong>Potassium:</strong>&nbsp;5% of the RDI</li>\r\n	<li><strong>Vitamin K:</strong>&nbsp;4% of the RDI</li>\r\n	<li><strong>Vitamin C:</strong>&nbsp;3% of the RDI</li>\r\n</ul>\r\n\r\n<p>Eggplants also contain small amounts of other nutrients, including niacin, magnesium and copper.</p>\r\n', 'brinjal', 30, 'brinjal.jpg', '2022-06-21', 1),
(5, 3, 'Double Prong Weeder', '<h1 style=\"background: rgb(238, 238, 238); border: 1px solid rgb(204, 204, 204); padding: 5px 10px;\">Original Price :<del> 275</del></h1>\r\n\r\n<p>The Double Prong Weeder is an upgrade to the Single Prong and is used for weeding, small root removal, loosening the soil efficiently and digging holes to sow seeds. It comes with a wooden handle for a powerful and firm grip and is perfectly sized for flower beds and small vegetable gardens.</p>\r\n', 'double-prong-weeder', 250, 'double-prong-weeder_1655813800.PNG', '2022-06-21', 2),
(6, 2, 'Palakkadan Matta Rice', '<h3>Palakkadan Matta | Export Premium Quality&nbsp;&nbsp;</h3>\r\n', 'palakkadan-matta-rice', 50, 'palakkadan-matta-rice.jpg', '2022-06-20', 1),
(14, 1, 'Carrot', '<h1 style=\"color: rgb(170, 170, 170); font-style: italic;\">Orginal Price : <s>25</s></h1>\r\n\r\n<h1>&nbsp;</h1>\r\n\r\n<p><a href=\"https://www.webmd.com/food-recipes/benefits-carrots\">Carrots</a>&nbsp;are root vegetables that were first grown in Afghanistan around 900 AD. Orange may be their best-known color, but they also come in other hues, including purple, yellow, red, and white. Early carrots were purple or yellow. Orange carrots were developed in Central Europe around the 15th or 16th century.</p>\r\n\r\n<p>This popular and versatile veggie may taste slightly different depending on the color, size, and where it&#39;s grown. The&nbsp;<a href=\"https://www.webmd.com/diet/ss/slideshow-sugar-addiction\">sugar</a>&nbsp;in carrots gives them a slightly sweet flavor, but they also can taste earthy or bitter.</p>\r\n\r\n<h2>Carrot Nutrition</h2>\r\n\r\n<p>One serving of carrots is a half cup. One serving has:</p>\r\n\r\n<ul>\r\n	<li>25 calories</li>\r\n	<li>6 grams of carbohydrates</li>\r\n	<li>2 grams of fiber</li>\r\n	<li>3 grams of&nbsp;<a href=\"https://www.webmd.com/diet/rm-quiz-sugars-sweeteners\">sugar</a></li>\r\n	<li>0.5 grams of&nbsp;<a href=\"https://www.webmd.com/fitness-exercise/guide/good-protein-sources\">protein</a></li>\r\n</ul>\r\n', 'carrot', 15, 'carrot_1655731336.jpg', '2022-06-25', 1),
(15, 1, 'Cucumber', '<h1>orginal price : <s>20</s></h1>\r\n\r\n<p>It&rsquo;s high in beneficial nutrients, as well as certain plant compounds and antioxidants that may help treat and even prevent some conditions.</p>\r\n\r\n<p>Also, cucumbers are low in calories and contain a good amount of water and soluble fiber, making them ideal for promoting hydration and aiding in weight loss.</p>\r\n\r\n<p>&nbsp;</p>\r\n\r\n<ul>\r\n	<li><strong>Calories:</strong>&nbsp;45</li>\r\n	<li><strong>Total fat:</strong>&nbsp;0 grams</li>\r\n	<li><strong>Carbs:</strong>&nbsp;11 grams</li>\r\n	<li><strong>Protein:</strong>&nbsp;2 grams</li>\r\n	<li><strong>Fiber:</strong>&nbsp;2 grams</li>\r\n	<li><strong>Vitamin C:</strong>&nbsp;14% of the RDI</li>\r\n	<li><strong>Vitamin K:</strong>&nbsp;62% of the RDI</li>\r\n	<li><strong>Magnesium:</strong>&nbsp;10% of the RDI</li>\r\n	<li><strong>Potassium:</strong>&nbsp;13% of the RDI</li>\r\n	<li><strong>Manganese:</strong>&nbsp;12% of the RDI</li>\r\n</ul>\r\n\r\n<p>&nbsp;</p>\r\n', 'cucumber', 15, 'cucumber_1655731923.jpg', '2022-06-20', 1),
(16, 1, 'pumkin', '<h1 style=\"background: rgb(238, 238, 238); border: 1px solid rgb(204, 204, 204); padding: 5px 10px;\">orginal price: <s>45</s></h1>\r\n\r\n<p>Pumpkin has an impressive nutrient profile.</p>\r\n\r\n<p>One cup of cooked pumpkin (245 grams) contains :</p>\r\n\r\n<ul>\r\n	<li><strong>Calories:&nbsp;</strong>49</li>\r\n	<li><strong>Fat:</strong>&nbsp;0.2 grams</li>\r\n	<li><strong>Protein:</strong>&nbsp;2 grams</li>\r\n	<li><strong>Carbs:</strong>&nbsp;12 grams</li>\r\n	<li><strong>Fiber:&nbsp;</strong>3 grams</li>\r\n	<li><strong>Vitamin A:</strong>&nbsp;245% of the Reference Daily Intake (RDI)</li>\r\n	<li><strong>Vitamin C:</strong>&nbsp;19% of the RDI</li>\r\n	<li><strong>Potassium:</strong>&nbsp;16% of the RDI</li>\r\n	<li><strong>Copper:</strong>&nbsp;11% of the RDI</li>\r\n	<li><strong>Manganese:</strong>&nbsp;11% of the RDI</li>\r\n	<li><strong>Vitamin B2:</strong>&nbsp;11% of the RDI</li>\r\n	<li><strong>Vitamin E:</strong>&nbsp;10% of the RDI</li>\r\n	<li><strong>Iron:</strong>&nbsp;8% of the RDI</li>\r\n	<li>Small amounts of magnesium, phosphorus, zinc, folate and several B vitamins.</li>\r\n</ul>\r\n\r\n<p>Besides being packed with vitamins and minerals, pumpkin is also relatively low in calories, as it&rsquo;s 94% water (<a href=\"http://nutritiondata.self.com/facts/vegetables-and-vegetable-products/2601/2\" target=\"_blank\">2</a>).</p>\r\n\r\n<p>It&rsquo;s also very high in beta-carotene, a carotenoid that your body turns into vitamin A.</p>\r\n\r\n<p>Moreover,&nbsp;<a href=\"https://www.healthline.com/nutrition/11-benefits-of-pumpkin-seeds\">pumpkin seeds</a>&nbsp;are edible, nutritious and linked to numerous health benefits.</p>\r\n', 'pumkin', 30, 'pumkin.png', '2022-06-20', 5),
(17, 1, 'Bottle gourd', '<h1 style=\"background: rgb(238, 238, 238); border: 1px solid rgb(204, 204, 204); padding: 5px 10px;\">Orginal Price : <s>50</s></h1>\r\n\r\n<p>&nbsp;</p>\r\n\r\n<ul>\r\n	<li>With the common household name &lsquo;Lauki&rsquo;, Bottle gourds come in different shapes and sizes.</li>\r\n	<li>Considered as one of the healthiest vegetables around, the flesh of bottle gourds are full of water and taste slightly bitter.\r\n	<p>Benefits</p>\r\n	</li>\r\n	<li>Bottle gourds keep the body hydrated and assist in weight loss.</li>\r\n	<li>They treat urinary tract infection and sleeping disorders while reducing liver inflammation, easing digestion and safeguarding hair against premature greying.</li>\r\n</ul>\r\n\r\n<p>Storage and Uses</p>\r\n\r\n<ul>\r\n	<li>To keep it as fresh and healthy as possible, store the entire gourd in a plastic bag or sealed container and refrigerate.</li>\r\n	<li>Chopped gourds can be stored in a glass or steel container and refrigerated.</li>\r\n</ul>\r\n', 'bottle-gourd', 30, 'bottle-gourd.PNG', '2022-06-20', 1),
(18, 1, 'Bitter gourd', '<h1 style=\"background: rgb(238, 238, 238); border: 1px solid rgb(204, 204, 204); padding: 5px 10px;\">Orginal Price : 110</h1>\r\n\r\n<ul>\r\n	<li>The most bitter among all fruits, bitter gourds come with a rough, bumpy and green skin.</li>\r\n	<li>The off-white translucent flesh tastes crispy with the combination of the bitter seeds that are present inside.</li>\r\n</ul>\r\n\r\n<p>Benefits</p>\r\n\r\n<ul>\r\n	<li>Bitter gourd helps to overcome Type-2 Diabetes and heals liver problems.</li>\r\n	<li>It clears acne, builds immunity, eases digestion, cures constipation and helps in weight loss.</li>\r\n	<li>It prevents cancer cells from multiplying, purifies blood and has healing qualities.</li>\r\n</ul>\r\n\r\n<p>&nbsp;Storage and Uses</p>\r\n\r\n<ul>\r\n	<li>Store unwashed bitter gourds in a zip lock or plastic bag inside the refrigerator.</li>\r\n	<li>It is also used to prepare curries and fried snacks.</li>\r\n	<li>Bitter gourd juice is the best medicine to cure several health proble</li>\r\n</ul>\r\n', 'bitter-gourd', 70, 'bitter-gourd.PNG', '2022-06-20', 1),
(19, 1, 'Cabbage', '<h1 style=\"background: rgb(238, 238, 238); border: 1px solid rgb(204, 204, 204); padding: 5px 10px;\">Orginal Price :<s> 70</s></h1>\r\n\r\n<p>About the Product</p>\r\n\r\n<ul>\r\n	<li>With a texture of crispness and juiciness the moment you take the first bite, cabbages are sweet and grassy flavoured with dense and smooth leafy layers.</li>\r\n</ul>\r\n\r\n<p>Benefits</p>\r\n\r\n<ul>\r\n	<li>Cabbage improves brain health and vision. Best for people who want to lose weight in a healthy way.</li>\r\n	<li>It detoxifies the body and contains glutamine that reduces effects of inflammation, allergies, joint pain, irritation, fever.</li>\r\n	<li>Cabbages also help prevent cancer.</li>\r\n</ul>\r\n\r\n<p>Storage and Uses</p>\r\n\r\n<ul>\r\n	<li>Do not cut cabbages unless you are immediately consuming as it begins to lose vitamin C when cut.</li>\r\n	<li>If you absolutely cannot immediately finish the remaining cabbage, wrap it tightly in plastic wrap and store it in the refrigerator for up to two days.</li>\r\n	<li>Keeping them in the refrigerator retains the crispiness of the vegetable.</li>\r\n	<li>Shredded cabbage can be directly added to any salad and sandwiches as they are most nutritious when eaten raw. Also used in pickles and flat breads.</li>\r\n	<li>Stew fried cabbage, onion, garlic, bell pepper and green chilies mixed with steamed rice, and soya/chili/tomato sauce is a popular favorite (Chowmein) in China and other South East Asian regions.</li>\r\n</ul>\r\n', 'cabbage', 40, 'cabbage.jpg', '2022-06-20', 1),
(20, 1, 'Chow Chow', '<h1 style=\"background: rgb(238, 238, 238); border: 1px solid rgb(204, 204, 204); padding: 5px 10px;\">Orginal Price: <s>100</s></h1>\r\n\r\n<p>About the Product</p>\r\n\r\n<ul>\r\n	<li>Known wordlwide for its delicious seeds, roots, shoots, flowers, leaves and fruit, Chow chow also known as Chayote, is a roughly pear-shaped, mild flavoured and green vegetable.</li>\r\n</ul>\r\n\r\n<p>Benefits</p>\r\n\r\n<ul>\r\n	<li>Chow chow is rich in nutrients like folate and B-vitamin.</li>\r\n	<li>Helps build energy and prevents homocystein build-up, constipation, acne and bone loss.</li>\r\n	<li>Good for the heart and keeps the thyroid healthy.</li>\r\n</ul>\r\n\r\n<p>Storage and Uses</p>\r\n\r\n<ul>\r\n	<li>Chow chow can be stored in the refrigerator. Lightly wrap it in a paper towel before placing it in a bag.</li>\r\n	<li>Every part of this vegetable can be consumed.</li>\r\n	<li>Chow Chow can be eaten raw, steamed, baked, stuff</li>\r\n</ul>\r\n', 'chow-chow', 80, 'chow-chow.PNG', '2022-06-20', 1),
(21, 1, 'Ladies Finger', '<h1 style=\"background: rgb(238, 238, 238); border: 1px solid rgb(204, 204, 204); padding: 5px 10px;\">Orginal Price: <s>70</s></h1>\r\n\r\n<ul>\r\n	<li>Ladies finger is a green vegetable with a tip at the end and a lighter green head, which is inedibe and to be thrown away.</li>\r\n	<li>It tastes mild and slightly grassy.</li>\r\n</ul>\r\n\r\n<p>Benefits</p>\r\n\r\n<ul>\r\n	<li>Ladies finger aids in digestion as it contains prebiotic fiber and controls obesity and cholesterol.It has loaded with Vitamin A, B, C, and traces of Zinc &amp; Calcium</li>\r\n	<li>It acts as hair conditioner, fights dandruff and moistures the scalp.</li>\r\n</ul>\r\n', 'ladies-finger', 50, 'ladies-finger.jpg', '0000-00-00', 0),
(22, 1, ' Onion', '<h1 style=\"background: rgb(238, 238, 238); border: 1px solid rgb(204, 204, 204); padding: 5px 10px;\">Orginal Price : <s>110</s></h1>\r\n\r\n<ul>\r\n	<li>Onion is a vegetable which is almost like a staple in Indian food. This is also known to be one of the essential ingredients of raw salads. They come in different colours like white, red or yellow and are quite in demand in cold salads and hot soups.</li>\r\n	<li>You can dice, slice or cut it in rings and put it in burgers and sandwiches. Onions emit a sharp flavour and fragrance once they are fried; it is due to the sulphur compound in the vegetable.Onions are known to be rich in biotin.</li>\r\n	<li>Most of the flavonoids which are known as anti-oxidants are concentrated more in the outer layers, so when you peel off the layers, you should remove as little as possible.</li>\r\n</ul>\r\n\r\n<p>Benefits</p>\r\n\r\n<ul>\r\n	<li>Onions are known to have antiseptic, antimicrobial and antibiotic properties which help you to get rid of infections.</li>\r\n	<li>If a piece of onion is inhaled, it can slow down or stop nose bleeding.</li>\r\n	<li>Those who have sleeping disorders or insomnia can have a good night sleep if they have an onion every day.</li>\r\n	<li>Onions also help to improve the functions of the digestive system; because it releases the digestive juices and cures any problem related to digestion.</li>\r\n	<li>Onions, like garlic, are also rich in sulphur compounds. Onions are known to contain manganese, copper, Vitamin B6, Vitamin C,Folic acid, Amino acid and dietary fibers along with phosphorus, folate and copper.</li>\r\n</ul>\r\n\r\n<p>Storage and Uses</p>\r\n\r\n<ul>\r\n	<li>Store in a cool dry place, need not refridgerate.</li>\r\n	<li>Freezing onions, soaking them under water and keeping the root intact before chopping are some methods to reduce tears while chopping them.</li>\r\n</ul>\r\n', 'onion', 80, 'onion.jpg', '2022-06-20', 2),
(23, 1, 'Green Peas', '<h1 style=\"background: rgb(238, 238, 238); border: 1px solid rgb(204, 204, 204); padding: 5px 10px;\">Orginal Price: <s>110</s></h1>\r\n\r\n<p>About the Product</p>\r\n\r\n<ul>\r\n	<li>Green peas are small, spherical and greenish in colour with a crunchy texture and sweet flavour.</li>\r\n</ul>\r\n\r\n<p>Benefits</p>\r\n\r\n<ul>\r\n	<li>Green peas are a rich source of fiber and essential nutrients like vitamins C, K and B complex.</li>\r\n	<li>They provide antioxidant and anti inflammatory benefits and are an extremely low fat food.</li>\r\n</ul>\r\n\r\n<p>Storage and Uses</p>\r\n\r\n<ul>\r\n	<li>Green Peas can be refrigerated in a glass or plastic container for 3-4 days.</li>\r\n	<li>They can be eaten raw or gently cooked and used in curries, rice, parathas, soups, salads, etc. Boil and flavour them with butter or salt and pepper.</li>\r\n</ul>\r\n\r\n<h3>&nbsp;</h3>\r\n', 'green-peas', 80, 'green-peas.PNG', '0000-00-00', 0),
(24, 1, 'Ginger', '<h1 style=\"background: rgb(238, 238, 238); border: 1px solid rgb(204, 204, 204); padding: 5px 10px;\">Orginal Price :<s>100</s></h1>\r\n\r\n<p>Just 1&ndash;1.5 grams of ginger can help prevent various types of nausea, including chemotherapy-related nausea, nausea after surgery, and morning sickness.</p>\r\n\r\n<p>According to studies in animals and humans, ginger may help improve weight-related measurements. These include body weight and the waist-hip ratio.</p>\r\n\r\n<p>there are some studies showing ginger to be effective at reducing symptoms of osteoarthritis, especially osteoarthritis of the knee.</p>\r\n\r\n<p>Ginger has been shown to lower blood sugar levels and improve various heart disease risk factors in people with type 2 diabetes.</p>\r\n\r\n<p>Ginger appears to speed up emptying of the stomach, which can be beneficial for people with indigestion and related stomach discomfort.</p>\r\n', 'ginger', 50, 'ginger.jpg', '0000-00-00', 0),
(25, 1, 'Beans', '<h1 style=\"background: rgb(238, 238, 238); border: 1px solid rgb(204, 204, 204); padding: 5px 10px;\">Orginal Price:<s> 100</s></h1>\r\n\r\n<p>&nbsp;</p>\r\n\r\n<p>About the Product</p>\r\n\r\n<ul>\r\n	<li>Haricot beans are small, oval, plump and creamy-white with a mild flavour and a smooth, buttery texture.</li>\r\n</ul>\r\n\r\n<p>Benefits</p>\r\n\r\n<ul>\r\n	<li>Haricot beans are great for metabolism and regulation of the sugar level of blood.</li>\r\n	<li>They support the adrenal regulation function and provide an excellent source of protein and fibre.</li>\r\n	<li>A good source of many nutrients and proves to be a healthy diet.</li>\r\n</ul>\r\n\r\n<p>Storage and Uses</p>\r\n\r\n<ul>\r\n	<li>Store unwashed fresh beans in a perforated plastic bag and refrigerate. Whole beans stored this way will stay for a week.</li>\r\n	<li>Consuming Haricot beans raw is not possible as it has a very hard exterior, however, cooking it makes it edible and tasty.</li>\r\n</ul>\r\n', 'beans', 70, 'beans.jpg', '2022-06-20', 1),
(26, 1, 'Raddish', '<h1 style=\"background: rgb(238, 238, 238); border: 1px solid rgb(204, 204, 204); padding: 5px 10px;\">Orginal Price :<s> 100</s></h1>\r\n\r\n<p>&nbsp;</p>\r\n\r\n<p>About the Product</p>\r\n\r\n<ul>\r\n	<li>Radishes are a root crop with a crunchy texture and a sharp, spicy, hot or sweet taste. They are juicy and sometimes have a pungent smell.</li>\r\n</ul>\r\n\r\n<p>Benefits</p>\r\n\r\n<ul>\r\n	<li>Radishes are excellent source of vitamin C.</li>\r\n	<li>It contains folate, fiber, riboflavin, and potassium, as well as good amounts of copper, vitamin B6.</li>\r\n	<li>It is composed of high dietary fibre, which is very fine for digestive tract.</li>\r\n</ul>\r\n\r\n<p>Storage and Uses</p>\r\n\r\n<ul>\r\n	<li>Chop off the greens and keep the roots unwashed in the refrigerator until you&rsquo;re ready to use them.</li>\r\n	<li>They&rsquo;ll last one to two weeks in a sealed plastic bag.</li>\r\n</ul>\r\n', 'raddish', 60, 'raddish.jpg', '0000-00-00', 0),
(27, 1, 'Beetroot', '<h1 style=\"background: rgb(238, 238, 238); border: 1px solid rgb(204, 204, 204); padding: 5px 10px;\">Orginal Price: <s>80</s></h1>\r\n\r\n<p>&nbsp;</p>\r\n\r\n<p>About the Product</p>\r\n\r\n<ul>\r\n	<li>These edible ruby red roots are smooth and bulbous and have the highest sugar content than any other vegetable.</li>\r\n</ul>\r\n\r\n<p>Benefits</p>\r\n\r\n<ul>\r\n	<li>Red beets lower blood pressure, promotes brain and heart health.</li>\r\n	<li>It fights inflammation and boosts energy levels.</li>\r\n</ul>\r\n\r\n<p>Storage and Uses</p>\r\n\r\n<ul>\r\n	<li>While storing beets, trim the leaves 2 inches from the root soon after you buy them as they sap the moisture from the beet root.</li>\r\n	<li>The root bulbs should also be put into a bag and can be stored in the refrigerator for a maximum of 7 to 10 days.</li>\r\n</ul>\r\n', 'beetroot', 60, 'beetroot.PNG', '2022-06-20', 1),
(28, 1, 'Brocolli', '<h1 style=\"background: rgb(238, 238, 238); border: 1px solid rgb(204, 204, 204); padding: 5px 10px;\">Orginal Price : <s>100</s></h1>\r\n\r\n<p>About the Product</p>\r\n\r\n<p>With a shape resembling that of a cauliflower, Brocollis have clusters of small, tight flower heads. These heads turn bright green on cooking and tastes slightly bitter.</p>\r\n\r\n<p>Benefits</p>\r\n\r\n<ul>\r\n	<li>Broccoli prevents cancer and reduces cholesterol.</li>\r\n	<li>Maintains bone and heart health.</li>\r\n	<li>Good for skin, eyes and has anti-aging properties.</li>\r\n</ul>\r\n\r\n<p>Storage and Uses</p>\r\n\r\n<ul>\r\n	<li>Consume fresh broccoli as soon as you can as it will not keep for long.</li>\r\n	<li>To store, drizzle water droplets on the flower heads, cover loosely in damp paper towels and refrigerate.</li>\r\n</ul>\r\n', 'brocolli', 70, 'brocolli.jpg', '0000-00-00', 0),
(29, 1, 'Cauliflower', '<h1 style=\"background: rgb(238, 238, 238); border: 1px solid rgb(204, 204, 204); padding: 5px 10px;\">Orginal Price :<s> 80</s></h1>\r\n\r\n<ul>\r\n	<li>About the Product\r\n	<ul>\r\n		<li>Cauliflower is made up of tightly bound clusters of soft, crumbly, sweet cauliflower florets that form a dense head.</li>\r\n		<li>Resembling a classic tree, the florets are attached to a central edible white trunk which is firm and tender.</li>\r\n	</ul>\r\n	Benefits\r\n\r\n	<ul>\r\n		<li>One serving of cauliflower contains 77 percent of daily recommended value of vitamin C.</li>\r\n		<li>Cauliflowers are rich in B complex vitamins, potassium and manganese.They protect from the risk of heart diseases and brain disorders.</li>\r\n		<li>It also contains cancer fighting nutrient called sulforaphane.</li>\r\n	</ul>\r\n	Storage and Uses\r\n\r\n	<ul>\r\n		<li>Refrigerate in a loosely sealed plastic bag. It keeps well for upto 7 days. Do not store florets for more than 5 days.</li>\r\n		<li>Cooked and used in soups, rice, curries, gobi parathas( flat breads), one of the most liked recipes.</li>\r\n	</ul>\r\n	</li>\r\n</ul>\r\n', 'cauliflower', 50, 'cauliflower.png', '2022-06-20', 1),
(30, 1, 'Drumsticks ', '<h1 style=\"background: rgb(238, 238, 238); border: 1px solid rgb(204, 204, 204); padding: 5px 10px;\">Orginal Price: <s>30</s></h1>\r\n\r\n<p>About the Product</p>\r\n\r\n<ul>\r\n	<li>Drumsticks have long, dark green bumpy pods running along the length and fleshy pulp inside the pod encasing each seed.</li>\r\n	<li>These pods have a faint bitter taste combined with slight sweetness.</li>\r\n</ul>\r\n\r\n<p>Benefits</p>\r\n\r\n<ul>\r\n	<li>Drumsticks are rich in antioxidants that reduce the risk of heart diseases and type 2 diabetes.</li>\r\n	<li>They are also a rich source of vitamin B, C and Iron that reduces inflammation and are good for skin, teeth and bones.</li>\r\n</ul>\r\n\r\n<p>Storage and Uses</p>\r\n\r\n<ul>\r\n	<li>Make sure there is no moisture on the drumstick. Chop it into pieces and refrigerate in an air tight container.</li>\r\n	<li>Cut them into finger length pieces and use them in sambar, curries, etc.</li>\r\n</ul>\r\n', 'drumsticks', 10, 'drumsticks.jpg', '0000-00-00', 0),
(31, 1, 'Green chilly', '<h1 style=\"background: rgb(238, 238, 238); border: 1px solid rgb(204, 204, 204); padding: 5px 10px;\">Orginal Price: 30</h1>\r\n\r\n<p>Benefits</p>\r\n\r\n<p>Green chillies are a spicy treat but they are great for your health. It is rich in a variety of vitamins like A and C. Alongside, it is also laden with Capsaicin, which is known for boosting metabolism and also reducing hunger pangs, thus helping you lose weight.</p>\r\n\r\n<p>How to Use</p>\r\n\r\n<p>Green chillies are a versatile ingredient that are mostly used in savouries including vegetables, chutneys, salads and a range of other condiments. But these days, it is being combined with chocolate and sweeter ingredients to create knockout deserts too. Chillies can also be added to buttermilk for enhancing flavour and providing you with health benefits.</p>\r\n', 'green-chilly', 10, 'green-chilly.jpg', '2022-06-21', 1),
(32, 4, 'Watermelon', '<h1 style=\"background: rgb(238, 238, 238); border: 1px solid rgb(204, 204, 204); padding: 5px 10px;\">Orginal Price : <s>100</s></h1>\r\n\r\n<p>About the Product</p>\r\n\r\n<ul>\r\n	<li>With greenish black to smooth dark green surface, we selectively pick organically grown watermelons from the best farms</li>\r\n	<li>These watermelons have juicy, sweet and grainy textured flesh filled with 12-14% of sugar content, making it a healthy alternative to sugary carbonated drinks.</li>\r\n	<li>Flesh colour of these are pink to red with dark brown/black seeds.</li>\r\n</ul>\r\n\r\n<p>Benefits</p>\r\n\r\n<ul>\r\n	<li>Watermelons have excellent hydrating properties with 90% water content.</li>\r\n	<li>Rich in anti-oxidant flavonoids that protects against prostate, breast, colon, pancreatic and lung cancers.</li>\r\n	<li>They are an excellent source of lycopene which protects skin against harmful UV rays.</li>\r\n	<li>It is also a great source for A, C, B-complex vitamins, iron and fiber which boosts body metabolism.</li>\r\n</ul>\r\n\r\n<p>Storage and Uses</p>\r\n\r\n<ul>\r\n	<li>Store them in a cool, dry place away from direct sunlight.</li>\r\n	<li>Cut and serve the melons chilled.</li>\r\n	<li>Can be eaten fresh- scoop them up with ice creams or in fruit salads.</li>\r\n	<li>Spice up your watermelon with a tinge of mint leaves.</li>\r\n	<li>Used in cocktails and fresh juices which also serves as a healthy alternative to sugary carbonated drinks.</li>\r\n	<li>Rind can be used to prepare pickles, curries and pies. Seeds can be roasted with salt and consumed.</li>\r\n</ul>\r\n', 'watermelon', 90, 'watermelon.jpg', '0000-00-00', 0),
(33, 4, 'Sapota', '<h1 style=\"background: rgb(238, 238, 238); border: 1px solid rgb(204, 204, 204); padding: 5px 10px;\">Orginal Price : <s>80</s></h1>\r\n\r\n<p>About the Product</p>\r\n\r\n<ul>\r\n	<li>Brown skinned sapotas are smooth to grainy textured, musky-scented and deliciously sweet in taste.</li>\r\n	<li>The flesh generally contains 2-3 large and inedible black seeds.</li>\r\n	<li>Fresho sapotas are freshly plucked by our farmers who grow it organically and the best quality is delivered to you.</li>\r\n</ul>\r\n\r\n<p>Benefits</p>\r\n\r\n<p>&nbsp;</p>\r\n\r\n<ul>\r\n	<li>Sapotas naturally enhance skin texture, complexion and maintain good hair health.</li>\r\n	<li>They stop blood loss during injuries and reduce tooth cavities.</li>\r\n	<li>They also contain anti-inflammatory properties and act as a detoxifying agent.</li>\r\n	<li>They are good for pregnant women and lactating mothers.</li>\r\n</ul>\r\n\r\n<p>Storage and Uses</p>\r\n\r\n<ul>\r\n	<li>Store them in a cool, dry place away from direct sunlight.</li>\r\n	<li>Sapotas can be eaten fresh or savoured with salads and custards.</li>\r\n	<li>Scoop the flesh out and blend into juices and shakes.</li>\r\n	<li>Prepare traditional sweets like halwa, barfi and kheer.</li>\r\n	<li>As they are soft and easily consumable, they can be offered to growing babies.</li>\r\n</ul>\r\n', 'sapota', 50, 'sapota.jpg', '0000-00-00', 0),
(34, 4, 'Wood Apple', '<h1 style=\"background: rgb(238, 238, 238); border: 1px solid rgb(204, 204, 204); padding: 5px 10px;\">Orginal Price :<s>110&nbsp;</s></h1>\r\n\r\n<p>About the Product</p>\r\n\r\n<ul>\r\n	<li>Wood apples are brown patched with hard shells. Its brown, fibrous pulp has a scent that is similar to that of tamarinds.</li>\r\n	<li>Inside the fruit, there are numerous small, white, crunchy seeds that are edible as well as nutritious.</li>\r\n</ul>\r\n\r\n<p>Benefits</p>\r\n\r\n<ul>\r\n	<li>Wood apples kill intestinal worms and aid indigestion.</li>\r\n	<li>They ease earaches, respiratory problems, and maintain the health of kidneys.</li>\r\n	<li>Drinking wood apple squash in the mornings prevent sunstrokes.</li>\r\n</ul>\r\n\r\n<p>Storage and Uses</p>\r\n\r\n<ul>\r\n	<li>Store them in a cool, dry place away from direct sunlight. Handle them carefully to prevent cracking.</li>\r\n	<li>While consuming crack it open and eat the white flesh.</li>\r\n	<li>Wood apples can be eaten fresh.</li>\r\n	<li>They are used in shakes, drinks, chutneys, and barfis.</li>\r\n</ul>\r\n', 'wood-apple', 80, 'wood-apple.PNG', '2022-06-20', 1),
(35, 4, 'Papaya', '<h1 style=\"background: rgb(238, 238, 238); border: 1px solid rgb(204, 204, 204); padding: 5px 10px;\">Orginal Price: <s>100</s></h1>\r\n\r\n<ul>\r\n	<li>Papaya contain Folic acid, Vitamin C, Amino Acid.Papayas reduce the risk of macular degeneration, a disease that affects the eyes as people age.</li>\r\n	<li>It can controls Diabetes, Blood Pressure, reduces the risk of Heart disease. They prevent asthma and cancer.</li>\r\n	<li>It control Mashed papayas help in wound healing and preventing infections.</li>\r\n	<li>The potassium and fiber content present in papayas help to ward off heart diseases.</li>\r\n</ul>\r\n\r\n<p>Storage and Uses</p>\r\n\r\n<ul>\r\n	<li>Semi ripe papaya will be ripened furthur if stored at room temperature.</li>\r\n	<li>Suitable for salad and can be eaten fresh.</li>\r\n</ul>\r\n', 'papaya', 60, 'papaya.jpg', '0000-00-00', 0),
(36, 4, 'Dragon fruit', '<h1 style=\"background: rgb(238, 238, 238); border: 1px solid rgb(204, 204, 204); padding: 5px 10px;\">Orginal Price: <s>100</s></h1>\r\n\r\n<p>Dragon fruits are oval to oblong in shape and size, with pink peel and green scale-like leaves. It is named after its resemblance to dragon scales. White flesh is dotted with black, tiny edible seeds. It has juicy and spongy flesh with sweet flavour and a hint of sourness.</p>\r\n\r\n<ul>\r\n	<li>Dragon fruits are rich in number of vitamins, minerals, fiber and antioxidants. Hence,these are considered as superfoods.</li>\r\n	<li>They detoxify the body and boosts immunity. Prevents anaemia, cancer, etc.Essential for hair care, skin care, eye care.</li>\r\n	<li>Necessary for pregnant women as it prevents birth defects, aids in the bone develpment of fetus ensuring a healthy pregnancy\r\n	<p>Did you know?This fruit is very good for people who suffer from arthritis. So, it is called as an anti-arthritis fruit.</p>\r\n	</li>\r\n</ul>\r\n\r\n<p>Storage and Uses</p>\r\n\r\n<ul>\r\n	<li>Once they are cut, they only last for a couple of days. Place them in an air tight container and refrigerate.</li>\r\n	<li>Dragon fruit is easy to eat, just cut the fruit into slices or quarters and peel off the skin.</li>\r\n	<li>Dragon fruits are savoured fresh by scooping out the white center fruit. Used in salads, puddings, smoothies and milkshakes.</li>\r\n</ul>\r\n', 'dragon-fruit', 60, 'dragon-fruit.jpg', '2022-06-20', 1),
(37, 4, 'Guava', '<h1 style=\"background: rgb(238, 238, 238); border: 1px solid rgb(204, 204, 204); padding: 5px 10px;\">Orginal Price: <s>100</s></h1>\r\n\r\n<p>Large sized, apple green skinned Thai guavas have a white flesh with pale yellow seeds and tend to be drier than the pink guavas. Thai guavas are only mildly sweet and have very little fragrance.</p>\r\n\r\n<p>Benefits</p>\r\n\r\n<ul>\r\n	<li>Guavas reduce the risk of diabetes and regulate blood pressure levels.</li>\r\n	<li>They are rich in vitamin A, C, folate, fiber, lycopene and other essential minerals. Help in improving eye health.</li>\r\n</ul>\r\n\r\n<p>Storage and Uses</p>\r\n\r\n<ul>\r\n	<li>Ripe guavas can be stored in the refrigerator. They get softer and sweeter as they are kept at room temperature for ripening.</li>\r\n	<li>Do not eat them on empty stomach.Guavas be eaten fresh. Slightly raw ones are added in salads.</li>\r\n	<li>Used in making juices, smoothies, desserts. Give a touch of spice to guava pieces by sprinkling with salt and chilli powder.</li>\r\n</ul>\r\n', 'guava', 70, 'guava.jpg', '0000-00-00', 0),
(38, 4, 'Banana', '<h1 style=\"background: rgb(238, 238, 238); border: 1px solid rgb(204, 204, 204); padding: 5px 10px;\">Orginal Price: <s>80</s></h1>\r\n\r\n<p>Relish the soft, buttery texture of Robusta bananas that are light green and have a great fragrance and taste. The stalks of Robustas are thick and rigid. Fresh fruits are green, which revolve to a bright yellow on ripening and the flesh contains a white &ndash; ceramic colour.</p>\r\n\r\n<ul>\r\n	<li>Fresho Robusta is fine quality, sweet flavoured, mushy and soft bananas.</li>\r\n</ul>\r\n\r\n<p>Storage and Uses</p>\r\n\r\n<ul>\r\n	<li>Store the bananas in a cool, dry place away from direct sunlight. Fresh, raw Robustas are green. They turn into golden yellow on ripening. Look for brown speckles and yellow skin to identify the ripened ones.</li>\r\n	<li>One banana supplies 30 percent of the daily vitamin B6 requirement and is rich in vitamin C, potassium and fiber.</li>\r\n	<li>It reduces appetite and promotes weight loss, while also boosting the immune system and keeping the bones strong. It is very good for pregnant women and athletes.</li>\r\n	<li>Slice them onto pancakes, blend into smoothies or add them to fruit salads. Heat brings out the creamy sweetness of the bananas. Try baking or sauteing them with butter and sugar for a delicious dessert.</li>\r\n</ul>\r\n\r\n<p>&nbsp;</p>\r\n', 'banana', 60, 'banana.PNG', '0000-00-00', 0),
(39, 4, 'Pineapple', '<h1 style=\"background: rgb(238, 238, 238); border: 1px solid rgb(204, 204, 204); padding: 5px 10px;\">Orginal Price :<s> 100</s></h1>\r\n\r\n<p>Benefits</p>\r\n\r\n<ul>\r\n	<li>Pineapples reduce the risk of macular degeneration, a disease that affects the eyes as people age due to vitamin C and antioxidants present in it.</li>\r\n	<li>Reduces inflammation and blood clot. Also reduces common cold and sinus inflammation. Helps develop strong bones.</li>\r\n</ul>\r\n\r\n<p>Storage and Uses</p>\r\n\r\n<ul>\r\n	<li>Uncut, ripe pineapples usually last for about 3 days in room temperature.</li>\r\n	<li>Store freshly cut pineapples in an air tight container and refrigerate.Pineapples can be cut and eaten fresh.</li>\r\n	<li>These luxurious treats are used to prepare juices, smoothies, desserts and also added in salads and seafoods.</li>\r\n</ul>\r\n', 'pineapple', 90, 'pineapple.jpg', '0000-00-00', 0),
(40, 4, 'orange', '<h1 style=\"background: rgb(238, 238, 238); border: 1px solid rgb(204, 204, 204); padding: 5px 10px;\">Orginal Price: <s>100</s></h1>\r\n\r\n<p>oranges are very sugary and juicy and considered to be the world&rsquo;s finest orange for fresh consumption because they are very sweet, naturally juice, seedless and peels and segments very easily. It has a variety of phytochemicals containing flavanoids hesperetin, beta-carotene and carotenoids alpha etc. It is wealthy in Vitamin C, A and Folate and includes small amounts of Vitamin E &amp; B complex vitamins too.Product image shown is for representation purpose only, the actually product may vary based on season, produce &amp; availability.</p>\r\n\r\n<ul>\r\n	<li>It is rich in Antioxidants which protects the skin from free radicals and also protects against some cancers by suppressing cancer cell proliferation.</li>\r\n	<li>It is good for asthma patients and orange juice added in the face packs give a new life to the skin by removing the dead cells.</li>\r\n</ul>\r\n\r\n<p>Storage and Uses</p>\r\n\r\n<ul>\r\n	<li>Store them in a cool, dry place away from direct sunlight.</li>\r\n	<li>The peeled, orange segments can be added to the daily fruit bowl, and its juice is a refreshing drink.</li>\r\n</ul>\r\n', 'orange', 70, 'orange.png', '0000-00-00', 0),
(41, 4, 'Apple', '<h1 style=\"background: rgb(238, 238, 238); border: 1px solid rgb(204, 204, 204); padding: 5px 10px;\">Orginal Price: <s>100</s></h1>\r\n\r\n<ul>\r\n	<li>The bright red coloured and heart shaped Red Delicious apples are crunchy, juicy and slightly sweet.</li>\r\n	<li>Red Delicious Apples are a natural source of fibre and are fat free. They contain a wide variety of anti-oxidants and polynutrients.</li>\r\n	<li>Apples are one of the healthiest fruits. Rich in vitamin C and dietary fiber which keep our digestive and immune system healthy.</li>\r\n	<li>Protects from Alzheimers, type 2 diabetes and cancer. It is a natural teeth whitener and prevent bad breath.</li>\r\n	<li>Eating apple peel lowers the risk of obesity. Apple mask is an excellent cure for wrinkles.</li>\r\n	<li>\r\n	<p>All parts of the fruit, including the skin, except for the seeds, are suitable for human consumption. The core, from stem to bottom, containing the seeds, is usually not eaten and is discarded.</p>\r\n\r\n	<p>Apples can be consumed various ways: juice, raw in salads, baked in pies, cooked into sauces and spreads like apple butter, and other baked dishes</p>\r\n\r\n	<p>Apples are sometimes used as an ingredient in savory foods, such as sausage and stuffing.</p>\r\n\r\n	<p>Several techniques are used to preserve apples and apple products. Apples can be canned, dried or frozen.&nbsp;Canned or frozen apples are eventually baked into pies or other cooked dishes. Apple juice or cider is also bottled. Apple juice is often concentrated and frozen.</p>\r\n\r\n	<h3>&nbsp;</h3>\r\n	</li>\r\n</ul>\r\n', 'apple', 70, 'apple.PNG', '2022-06-20', 1),
(42, 4, 'Custard Apple', '<h1 style=\"background: rgb(238, 238, 238); border: 1px solid rgb(204, 204, 204); padding: 5px 10px;\">Orginal Price: <s>110</s></h1>\r\n\r\n<p>Custard Apples have zero cholesterol and are high in dietary fibre, phosphorous, calcium, protein and carbohydrates. They are natural antioxidants and are rich in vitamins A, C and B and it can cure rheumatism and arthritis problems and digestion. They help to improve the skin, vision and cardiovascular activity. The fibre present in it helps to prevent colon cancer.</p>\r\n\r\n<p>Benefits</p>\r\n\r\n<ul>\r\n	<li>The Custard Apple is rich in Vitamin C and helps to fight free radicals in our body.</li>\r\n	<li>It is a good source of potassium and magnesium, which protects the heart from cardiac disease and helps to control our blood pressure.</li>\r\n	<li>Also, it is good for the skin and healthy hair because of its rich Vitamin A content.</li>\r\n</ul>\r\n\r\n<p>Storage and Uses</p>\r\n\r\n<ul>\r\n	<li>Store them in a cool, dry place away from direct sunlight.</li>\r\n	<li>The custard apples are mainly consumed raw and are also used in milkshakes, salads and desserts.</li>\r\n</ul>\r\n', 'custard-apple', 90, 'custard-apple.jpg', '2022-06-21', 1),
(43, 4, 'Figs', '<h1 style=\"background: rgb(238, 238, 238); border: 1px solid rgb(204, 204, 204); padding: 5px 10px;\">Orginal Price : <s>150</s></h1>\r\n\r\n<p>figs, also known as Anjeer, are small to medium sized, with a bright green to yellowish coloured skin. Their flesh is pink blush to deep magenta with a mass of juicy seeds. They have honey like sweetness with fresh flavour and nuttiness from the numerous seeds. Fresho figs are high quality, finely packed figs delivered to you.</p>\r\n\r\n<p>Benefits</p>\r\n\r\n<ul>\r\n	<li>Figs treat indigestion, constipation and piles. Eating figs is a healthy and quick way to gain weight after suffering from illnesses.</li>\r\n	<li>They treat colon cancer, breast cancer, bronchitis. Relieve throat pain and strengthen bones.</li>\r\n</ul>\r\n\r\n<p>Storage and Uses</p>\r\n\r\n<ul>\r\n	<li>Place the ripe ones in a single layer on a tray and refrigerate for 2-3 days. Quick tip: When they get soft and yield to the touch, consume them as they are fully ripe.</li>\r\n	<li>Feel the flavour of fresh figs along with the skin and seeds. Add them in oatmeal and salads or blend them into milkshakes, smoothies and fresh juices. You can also prepare sweets like barfi and halwa.</li>\r\n</ul>\r\n', 'figs', 90, 'figs.jpg', '0000-00-00', 0),
(44, 8, 'Amaranthus', '<h1 style=\"background: rgb(238, 238, 238); border: 1px solid rgb(204, 204, 204); padding: 5px 10px;\">Orginal Price : <s>100</s></h1>\r\n\r\n<p>About the Product</p>\r\n\r\n<ul>\r\n	<li>A highly nutritious leafy vegetable, Amaranthus is also known as Chinese spinach.</li>\r\n	<li>They are available in light purple, green, or a bicolor of the two.</li>\r\n</ul>\r\n\r\n<p>Benefits</p>\r\n\r\n<ul>\r\n	<li>Amaranthus is an excellent source of elements like foliate, calcium, phosphorous, Vitamin C, A and a powerhouse of Iron.</li>\r\n	<li>It helps in relieving a wide variety of oral problems like mouth ulcers, sore throat, bad breath and swollen gums.</li>\r\n	<li>Regular consumption helps in easing digestion, excessive menstruation and weight management.</li>\r\n	<li>The leaves are also deemed to be an effective measure against hair loss, skin problems and premature greying.</li>\r\n</ul>\r\n\r\n<p>Storage and Uses</p>\r\n\r\n<ul>\r\n	<li>Papayas can be eaten fresh after discarding the seeds.</li>\r\n	<li>Toss them in salads and custards.</li>\r\n</ul>\r\n', 'amaranthus', 70, 'amaranthus.png', '2022-06-20', 1),
(45, 8, 'Mustard leaves', '<h1 style=\"background: rgb(238, 238, 238); border: 1px solid rgb(204, 204, 204); padding: 5px 10px;\">Orginal Price :30</h1>\r\n\r\n<ul>\r\n	<li>Thin, frilli and delicate green mustard leaves have a crunchy texture and mustard flavour with a mild sweet and spicy pepper-like finish.</li>\r\n	<li>They are best used raw</li>\r\n</ul>\r\n\r\n<p>About the Product</p>\r\n\r\n<ul>\r\n	<li>\r\n	<p>Thin, frilli and delicate green mustard leaves have a crunchy texture and mustard flavour with a mild sweet and spicy pepper-like finish.</p>\r\n	</li>\r\n	<li>They are best used raw.</li>\r\n</ul>\r\n\r\n<p>Benefits</p>\r\n\r\n<ul>\r\n	<li>Mustard leaves are rich in fiber and antioxidants.</li>\r\n	<li>They detoxify the liver, blood and lower cholesterol.</li>\r\n	<li>Good for skin and eye health.</li>\r\n	<li>Storage and Uses</li>\r\n	<li>We deliver mustard leaves in the best hygienic packages which you can directly store in your refrigerator.</li>\r\n	<li>They keep well for up to 5 days.</li>\r\n</ul>\r\n', 'mustard-leaves', 10, 'mustard-leaves.jpg', '0000-00-00', 0),
(46, 8, 'Lettuce', '<h1 style=\"background: rgb(238, 238, 238); border: 1px solid rgb(204, 204, 204); padding: 5px 10px;\">Orginal Price: <s>30</s></h1>\r\n\r\n<p>Iceberg lettuce is a variety of lettuce with crisp leaves which grows in a spherical head resembling a cabbage. The leaves on the outside tend to be green and the leaves in the center go from pale yellow to nearly whitish as you move closer and closer to the center of the head with the sweetest leaves in the center of the head.</p>\r\n\r\n<p>Benefits</p>\r\n\r\n<ul>\r\n	<li>Lettuce provides significant amounts of vitamins A and K.</li>\r\n	<li>They have a high water content, making it a refreshing choice during hot weather.</li>\r\n	<li>They also provide calcium, potassium, vitamin C, and folate.</li>\r\n</ul>\r\n\r\n<p>Storage and Uses</p>\r\n\r\n<ul>\r\n	<li>Lettuce lasts a long time in the refrigerator, making it an economical choice since it minimizes spoilage and waste.</li>\r\n	<li>They are a good choice for salads, to garnish and shred in snacks like burgers and sandwiches.</li>\r\n</ul>\r\n', 'lettuce', 10, 'lettuce.jpg', '2022-06-20', 1),
(47, 8, 'Basale leaf', '<h1 style=\"background: rgb(238, 238, 238); border: 1px solid rgb(204, 204, 204); padding: 5px 10px;\">Orginal Price: <s>80</s></h1>\r\n\r\n<ul>\r\n	<li>Thick, semi-succulent, heart-shaped basal leaves are fresh green coloured spinach that grows fast with its soft-stemmed vine.</li>\r\n	<li>Comes with a mild flavor and mucilaginous texture.</li>\r\n</ul>\r\n\r\n<p>Benefits</p>\r\n\r\n<ul>\r\n	<li>Basale leaf is rich in Vitamin A, C, Iron and Calcium.</li>\r\n	<li>Low in calories per volume and high in protein per calorie.</li>\r\n	<li>The succulent mucilage is a particularly rich source of soluble fiber.</li>\r\n</ul>\r\n\r\n<p>Storage and Uses</p>\r\n\r\n<ul>\r\n	<li>Store these fresh leaves by wrapping them in damp paper towels and refrigerate them.</li>\r\n	<li>We deliver these leafy vegetables in hygienic packages which can be directly stored in your refrigerator.</li>\r\n</ul>\r\n', 'basale-leaf', 20, 'basale-leaf.jpg', '0000-00-00', 0),
(48, 8, 'Coriander', '<h1 style=\"background: rgb(238, 238, 238); border: 1px solid rgb(204, 204, 204); padding: 5px 10px;\">Orginal Price:&nbsp;<s>20</s></h1>\r\n\r\n<p>About the Product</p>\r\n\r\n<ul>\r\n	<li>Coriander leaves are green, fragile with a decorative appearance. They contain minimal aroma and have a spicy sweet taste.</li>\r\n	<li>Now do not bother wasting time cutting off the roots as we value your money and time and provide you the freshest leafy edible parts .</li>\r\n</ul>\r\n\r\n<p>Benefits</p>\r\n\r\n<ul>\r\n	<li>Coriander leaves fight food poisoning and lower blood sugar levels.</li>\r\n	<li>They relieve urinary tract infections and help in maintaining a healthy menstrual cycle while preventing neurological inflammations and diseases.</li>\r\n	<li>Tip &ndash; Add coriander leaves to boiling water. Let it cool down and then consume it. Drink this water every morning to cleanse the stomach.</li>\r\n</ul>\r\n\r\n<p>Storage and Uses</p>\r\n\r\n<ul>\r\n	<li>We deliver coriander leaves in the best hygienic packages which you can directly store in your refrigerator.</li>\r\n	<li>Used in curries, pickles, chutneys and for garnishing soups, rice, etc.</li>\r\n	<li>Sprinkle the leaves over fresh salads.</li>\r\n</ul>\r\n', 'coriander', 10, 'coriander.PNG', '0000-00-00', 0),
(49, 8, 'Curry leaves', '<p>Curry leaves are the foliage of the curry tree (<em>Murraya koenigii</em>). This tree is native to India, and its leaves are used for both medicinal and culinary applications. They&rsquo;re highly aromatic and have a unique flavor with notes of citrus.Curry leaves are not only highly flavorful but also packed with beneficial plant compounds that can benefit your health in many ways.</p>\r\n\r\n<p>Curry leaves are packed with antioxidants that may protect your body by reducing oxidative stress and scavenging free radicals.</p>\r\n\r\n<p>Consuming curry leaves may benefit heart health by reducing heart disease risk factors, such as high cholesterol and triglyceride levels.</p>\r\n\r\n<p>Some research in animals suggests that curry leaf extract may protect against neurodegenerative diseases.</p>\r\n\r\n<p>Curry leaves may offer antibacterial, antidiabetic, pain-relieving, and anti-inflammatory effects.</p>\r\n\r\n<p>Curry leaves are a versatile and tasty ingredient that can be used to add interest to a number of dishes.</p>\r\n', 'curry-leaves', 10, 'curry-leaves.PNG', '0000-00-00', 0),
(50, 8, 'Dill leaves', '<h1 style=\"background: rgb(238, 238, 238); border: 1px solid rgb(204, 204, 204); padding: 5px 10px;\">Orginal Price:<s>20</s></h1>\r\n\r\n<p>Green, flimsy and fernlike Dill leaves have a strong aroma. sharp tang and a spongy sugary flavour. Dill leaves are rich in nutritional value. They help enhance digestion, prevent insomnia, manage diabetes. Regular addition of Dill leaves in your diet will help you on the long run. You can also make dill pickles and use it as a healthy accompaniment.</p>\r\n', 'dill-leaves', 10, 'dill-leaves.jpg', '0000-00-00', 0),
(51, 8, 'Methi/Venthaya Keerai', '<h1 style=\"background: rgb(238, 238, 238); border: 1px solid rgb(204, 204, 204); padding: 5px 10px;\">Orginal Price: 70</h1>\r\n\r\n<p>About the Product</p>\r\n\r\n<ul>\r\n	<li>Methi leaves are a very popular ingredient in Indian dishes that has a bitter taste and a strong aroma.</li>\r\n</ul>\r\n\r\n<p>Benefits</p>\r\n\r\n<ul>\r\n	<li>Methi leaves reduce inflammation inside the body.</li>\r\n	<li>They are effective in promoting milk flow for breastfeeding.</li>\r\n	<li>They help with eating disorders.</li>\r\n	<li>Reduce blemishes/stubborn skin marks and they are natural mouth fresheners.</li>\r\n</ul>\r\n\r\n<p>Storage and Uses</p>\r\n\r\n<ul>\r\n	<li><strong>Storage:&nbsp;</strong>Wrap them in paper and refrigerate them for up to 5 days.</li>\r\n	<li>For long-term storage, soak the leaves in a bowl of saltwater for 10 minutes.</li>\r\n</ul>\r\n', 'methi-venthaya-keerai', 40, 'methi-venthaya-keerai.jpg', '0000-00-00', 0);
INSERT INTO `products` (`id`, `category_id`, `name`, `description`, `slug`, `price`, `photo`, `date_view`, `counter`) VALUES
(52, 8, 'Mint Leaves/pudina', '<h1 style=\"background: rgb(238, 238, 238); border: 1px solid rgb(204, 204, 204); padding: 5px 10px;\">Orginal Price: <s>70</s></h1>\r\n\r\n<p>About the Product</p>\r\n\r\n<ul>\r\n	<li>Mint leaves are tender herbs with gentle stems and have a distinct pleasant aroma, pleasing taste, cool after-sensation, and medicinal qualities.</li>\r\n	<li>They are best used raw or added at the end of cooking in order to maintain their delicate flavor and texture.</li>\r\n</ul>\r\n\r\n<p>Benefits</p>\r\n\r\n<ul>\r\n	<li>Mint is a remedy to manage ailments related to the digestive tract, oral, respiratory and skin disorders such as acne, insect bites &amp; burns.</li>\r\n	<li>It is found to alleviate migraine pains, minor aches, muscle sprains and cramps.</li>\r\n</ul>\r\n\r\n<p>Storage and Uses</p>\r\n\r\n<ul>\r\n	<li>Wrap the mint leaves gently in a dampened paper towel or place the mint in a plastic bag, not sealing all the way so that air can circulate.</li>\r\n	<li>Do not wrap tightly; trapped moisture will cause the herbs to mold.</li>\r\n</ul>\r\n', 'mint-leaves-pudina', 30, 'mint-leaves-pudina.jpg', '2022-06-20', 1),
(53, 8, 'Gongura Leaves/Pulicha', '<h1>Orginal Price: <s>10</s></h1>\r\n\r\n<p>About the Product</p>\r\n\r\n<ul>\r\n	<li>Gongura leaves have dark green, finger like leaves with a mildly astringent, bitter and refreshing acidic taste.</li>\r\n</ul>\r\n\r\n<p>Benefits</p>\r\n\r\n<ul>\r\n	<li>Gongura leaves improve eye sight and strengthen immunity.</li>\r\n	<li>They also help in weight loss, detoxify the body and treat urinary tract infections and skin diseases.</li>\r\n</ul>\r\n\r\n<p>Storage and Uses</p>\r\n\r\n<ul>\r\n	<li>Rinse with water and dry them. Place them in an airtight container and refrigerate.</li>\r\n	<li>Gongura chutney is a very famous cuisine in Andhra Pradesh.</li>\r\n</ul>\r\n', 'gongura-leaves-pulicha', 8, 'sorrel-pitwaa-gongura-leaves-pulicha.PNG', '0000-00-00', 0),
(54, 8, 'Spinach/Palak', '<h1 style=\"background: rgb(238, 238, 238); border: 1px solid rgb(204, 204, 204); padding: 5px 10px;\">Orginal Price: <s>100</s></h1>\r\n\r\n<p>About the Product</p>\r\n\r\n<ul>\r\n	<li>With a sweet, nutty, and tangent flavor, Palaks are green leafy vegetables that are succulent and spoon-shaped.</li>\r\n</ul>\r\n\r\n<p>Benefits</p>\r\n\r\n<ul>\r\n	<li>Palak contains low fat and cholesterol, but a good amount of fiber.</li>\r\n	<li>They lower the risk of cancer and the occurrence of asthma.</li>\r\n	<li>It improves the blood glucose levels in people suffering from diabetes and also improves skin and bone health.</li>\r\n</ul>\r\n\r\n<p>Storage and Uses</p>\r\n\r\n<ul>\r\n	<li>We deliver palak leaves in the best hygienic packages which can be directly stored in the refrigerator.</li>\r\n	<li>They keep well for up to 4 days.</li>\r\n	<li>Palaks can be eaten raw or cooked. Cooke</li>\r\n</ul>\r\n\r\n<p>&nbsp;</p>\r\n', 'spinach-palak', 60, 'spinach-palak.jpg', '0000-00-00', 0),
(55, 8, 'Neem leaves', '<h1 style=\"background: rgb(238, 238, 238); border: 1px solid rgb(204, 204, 204); padding: 5px 10px;\">Orginal Price : <s>10</s></h1>\r\n\r\n<p>About the Product</p>\r\n\r\n<p>Neem is a normal herb that has many good looks benefits. Its extracts have been used in the Ayurvedic tradition for thousands of years for maintaining fitness and overall well-being. Neem leaves are measured safe to take internally on a regular or daily basis.<br />\r\nProduct image shown is for representation purpose only, the actually product may vary based on season, produce &amp; availability.</p>\r\n\r\n<p>Benefits</p>\r\n\r\n<p>Neem leaf has antifungal and antibacterial properties, making it effective in treating dandruff. It also relieves dryness and itching, strengthens hair and promotes hair growth. It also soothes irritation, prevents dryness and flaking.</p>\r\n', 'neem-leaves', 5, 'neem-leaves.jpg', '2022-06-20', 1),
(56, 2, 'Valan samba organic rice', '<h1 style=\"background: rgb(238, 238, 238); border: 1px solid rgb(204, 204, 204); padding: 5px 10px;\">Orginal Price:<s> 98</s></h1>\r\n\r\n<p>Valan Samba Organic Rice</p>\r\n\r\n<p>Alternative Names: Valan samba | Rice</p>\r\n', 'valan-samba-organic-rice', 81, 'valan-samba-organic-rice.png', '2022-06-20', 1),
(57, 2, 'Arubathaam Kuruvai', '<h1 style=\"background: rgb(238, 238, 238); border: 1px solid rgb(204, 204, 204); padding: 5px 10px;\">Orginal Price: <s>100</s></h1>\r\n\r\n<p>Arubathaam Kuruvai rice is known for its ability to strengthen bones and provides healthier body. Arubathaam Kuruvai rice is typically red in color and is noticeably thicker than other varieties of rice, making it flavorful when cooked. Arubatham Kuruvai suits for making many types of traditional snacks varieties along with our normal Idly, Dosa varieties.</p>\r\n', 'arubathaam-kuruvai', 77, 'arubathaam-kuruvai.png', '0000-00-00', 0),
(58, 2, 'Garudan samba - boiled', '<h1 style=\"background: rgb(238, 238, 238); border: 1px solid rgb(204, 204, 204); padding: 5px 10px;\">Orginal Price: <s>100</s></h1>\r\n\r\n<p>Organic Garudan Samba has a unique nutty flavour and it is rich in nutrients and fiber. Garudan Samba improves immune system and helps in curing digestive disorders. UTI / Urinary infections, Anemia can be treated using Garudan Samba rice. Delicous Idly , Dosa and other rice varieties can be prepared using Garudan Samba Rice.</p>\r\n', 'garudan-samba-boiled', 77, 'garudan-samba-boiled.jpeg', '0000-00-00', 0),
(59, 2, 'Karuppu Kavuni Par Boiled', '<h1 style=\"background: rgb(238, 238, 238); border: 1px solid rgb(204, 204, 204); padding: 5px 10px;\">Orginal Price:<s>150</s></h1>\r\n\r\n<p><strong>Karuppu Kavuni Rice (Par Boiled)</strong></p>\r\n\r\n<p>Commonly called by the name Emperor&rsquo;s rice, black rice was believed to be consumed by ancient Chinese. This forbidden rice contains more phytonutrients in it.</p>\r\n\r\n<p>It is highly rich in fiber, antioxidants and acts as a perfect detoxifier for liver, prevents diabetes, cancer</p>\r\n\r\n<p>Many recipes are made using Black rice. Most popular among them is Dosa, puttu, Pudding with Coconut &amp; Mango, Risotto, plain rice with various curries and others.</p>\r\n', 'karuppu-kavuni-par-boiled', 137, 'karuppu-kavuni-par-boiled.jpg', '2022-06-25', 1),
(60, 2, 'Thanga Samba Organic Rice', '<h1 style=\"background: rgb(238, 238, 238); border: 1px solid rgb(204, 204, 204); padding: 5px 10px;\">Orginal Price: <s>110</s></h1>\r\n\r\n<p>The word &lsquo;Thangam&rsquo; is derived from Tamil, which means &lsquo;Gold&rsquo;, giving the rice variety its name &ldquo;Thanga Samba&rdquo; as its grains look golden colored. Thanga Samba rice has loads of health benefits compared to normal white polished rice. It has anti-aging properties and helps in keeping us healthy by improving our stamina level. We are providing Thanga Samba Parboiled Organic Rice.</p>\r\n', 'thanga-samba-organic-rice', 72, 'thanga-samba-organic-rice.jpg', '2022-06-21', 1),
(61, 2, 'Ponni Boiled', '<h1 style=\"background: rgb(238, 238, 238); border: 1px solid rgb(204, 204, 204); padding: 5px 10px;\">Orginal Price: <s>75</s></h1>\r\n\r\n<p>Ponni literally means Gold in Tamil and also refers to River Kaveri. Parboiled rice is a better source of fiber, calcium, potassium and vitamin B-6 than regular white rice. Parboiling makes white rice nutritionally similar to brown rice. Organic Parboiled Ponni rice has a unique aroma and texture. Ponni boiled rice improves heart health , blood circulation and is good for diabetic patients as it has low glycemic index</p>\r\n', 'ponni-boiled', 53, 'ponni-boiled.jpg', '0000-00-00', 0),
(62, 2, 'Bamboo Rice', '<h1 style=\"background: rgb(238, 238, 238); border: 1px solid rgb(204, 204, 204); padding: 5px 10px;\">Original Price :<s> 340</s></h1>\r\n\r\n<p>Bamboo Rice is one of most popular varieties of rice, grown in India Forest. It is the seed that is produced by a flowering bamboo at the end of its life span.</p>\r\n\r\n<p>Bamboo rice is rich in various nutrients and minerals including carbohydrates, fibre and protein. Bamboo rice has properties that enhances fertility. Bamboo rice tastes like wheat but has a low glycemic index which best suits for diabetic patients.</p>\r\n\r\n<p>Bamboo rice is a medicinal rice used in Ayurveda, used to treat many types of diseases. Bamboo rice removes toxins from body and keeps body fit and healthy.</p>\r\n\r\n<p>Bamboo Rice can be used to make Biryani, Bamboo Rice Puttu, Payasam and Bamboo Rice Dosa.</p>\r\n', 'bamboo-rice', 263, 'bamboo-rice_1655744283.jpg', '0000-00-00', 0),
(63, 2, 'Mappillai Samba Raw Rice', '<h1 style=\"background: rgb(238, 238, 238); border: 1px solid rgb(204, 204, 204); padding: 5px 10px;\">Original Price : <s>80</s></h1>\r\n\r\n<p><strong>Mappillai Samba raw rice</strong></p>\r\n\r\n<p>Indigenous to Tamil Nadu, this traditional rice is rich in minerals, vitamins and proteins that it is served to a bridegroom to prove his valiance. It strengthens body and boosts immune system and keeps us away from many health problems/disorders. Raw rice contains broken rices.</p>\r\n', 'mappillai-samba-raw-rice', 69, 'mappillai-samba-raw-rice.png', '0000-00-00', 0),
(64, 5, 'Black Urad Dal', '<h1 style=\"background: rgb(238, 238, 238); border: 1px solid rgb(204, 204, 204); padding: 5px 10px;\">Original Price : <s>80</s></h1>\r\n\r\n<p>Organic Black Urad Dal is one of the richest sources of Vitamin B, protein and iron. It is well known to the strength of bones and the folic acid present in Urad dal is good for pregnant woman. Urad dal kali is given to girls during puberty to strengthen their hip bones.</p>\r\n', 'black-urad-dal', 60, 'black-urad-dal.png', '2022-06-25', 1),
(65, 5, 'Whole Green Gram', '<h1 style=\"background: rgb(238, 238, 238); border: 1px solid rgb(204, 204, 204); padding: 5px 10px;\">Orginal Price: <s>130</s></h1>\r\n\r\n<p>Introducing Organic Green Gram to your diet gives green signal to good health. Green gram is gaining its popularity and nearing its place to superfood category. It acts as a wonderful non-meat source of iron and protein. Organic Green gram has a unique taste when compared to the normally grown Green gram. Organic green gram&rsquo;s flavor, taste, aroma and texture will make you easily add it to your daily diet.</p>\r\n\r\n<p>Green gram can be consumed raw in sprouted form which will provide you with the maximum health benefit.</p>\r\n\r\n<p>Green gram can be used to make Dosa and different types of Curries.</p>\r\n', 'whole-green-gram', 119, 'whole-green-gram.jpg', '0000-00-00', 0),
(66, 5, 'Split Black Urad Dal', '<h1>Orginal Price:<s> 120</s></h1>\r\n\r\n<p>&nbsp;</p>\r\n\r\n<p>Split Black Urad Dal is a type of dal that is very easy to cook and contains lots of nutrients. It has a slightly stronger flavor unlike white urad dal, which makes it unique. It is rich in protein, fiber and various vitamins that help in making your body healthier.</p>\r\n\r\n<p>Split Black Urad Dal is especially good for women since it contains folic acid and is a good source of iron as well. It can be used to make dishes like Urad Dal curry, Maa ki dal, Shahi Urad dal and Dal Makhani. .</p>\r\n\r\n<p>Black Urad dal can be used as a replacement to White Urad dal as the skin provides additional fiber and nutrition.</p>\r\n', 'split-black-urad-dal', 98, 'split-black-urad-dal.jpg', '2022-06-20', 1),
(67, 5, 'Toor Dal-Unpolished ', '<h1 style=\"background: rgb(238, 238, 238); border: 1px solid rgb(204, 204, 204); padding: 5px 10px;\">Orginal Price:<s> 140</s></h1>\r\n\r\n<p>Unpolished Toor dal is a fiber rich food, a superior source of plant protien, carbohydrates and various kinds of nutrients. It helps in lowering risk of Type 2 diabetes, certain type of cancer and manage your weight. Choose unpolished organic Toor Dal to get maximum health benefit.</p>\r\n', 'toor-dal-unpolished', 129, 'toor-dal-unpolished.png', '0000-00-00', 0),
(68, 5, 'White Urad Dal', '<h1 style=\"background: rgb(238, 238, 238); border: 1px solid rgb(204, 204, 204); padding: 5px 10px;\">Orginal Price:<s> 140</s></h1>\r\n\r\n<p>White Urad dal is also used in Ayurveda to boost immune system and overall strengthening of body as it is a nutritious and rich pulse variety. Organic White Urad Dal will strengthen bones and the folic acid present in Urad dal is good for a pregnant woman.</p>\r\n\r\n<p>Apart from being the main ingredient for making soft idlies and crispy dosa, vada there are numerous healthy dishes which are can be made using White whole urad dal. Urad dal kali is given to girls during puberty to strengthen their hip bones.</p>\r\n', 'white-urad-dal', 92, 'white-urad-dal.png', '0000-00-00', 0),
(69, 5, 'Popcorn - Organic', '<h1 style=\"background: rgb(238, 238, 238); border: 1px solid rgb(204, 204, 204); padding: 5px 10px;\">Orginal Price:<s> 50</s></h1>\r\n\r\n<p>Buy Organic country popcorn from Agri farmer.</p>\r\n\r\n<p><strong>Alternative Names:</strong>&nbsp;popcorn | makka solam</p>\r\n', 'popcorn-organic', 30, 'popcorn-organic.jpg', '2022-06-20', 1),
(70, 6, 'Finger Millet', '<h1 style=\"background: rgb(238, 238, 238); border: 1px solid rgb(204, 204, 204); padding: 5px 10px;\">Original Price : <s>55</s></h1>\r\n\r\n<p>Ragi is a powerhouse of health benefiting nutrients that help in reducing weight and also acts as a treatment for multiple diseases like Brittle Bones, Osteoporosis, Anemia and Diabetes. It is a natural relaxant that helps in relieving stress and anxiety. Regular intake of Finger millet saves us from many forms of life threatening diseases.</p>\r\n', 'finger-millet', 47, 'finger-millet.png', '0000-00-00', 0),
(71, 6, 'Little Millet', '<h1 style=\"background: rgb(238, 238, 238); border: 1px solid rgb(204, 204, 204); padding: 5px 10px;\">Original Price : <s>155</s></h1>\r\n\r\n<p>Little Millet is mostly consumed as replacement of rice. Any recipe that demands staple rice can be prepared using little millet. It has the smallest grains, so it cooks faster than other millets. Little millet is suitable for people of all age groups. The flavonoids present in the little millet act as antioxidants and play many roles in the body&rsquo;s immune defense system. Consuming Little Millet regularly , reduces the risk of breast cancer and asthma.</p>\r\n', 'little-millet', 77, 'little-millet.jpg', '0000-00-00', 0),
(72, 6, 'Foxtail Millet', '<h1 style=\"background: rgb(238, 238, 238); border: 1px solid rgb(204, 204, 204); padding: 5px 10px;\">Original Price : <s>100</s></h1>\r\n\r\n<p>oxtail Millet is rich in vitamins and minerals. This little grain has low glycemic value which best&nbsp;<strong>suits for diabetic patients</strong>&nbsp;and to all age groups.</p>\r\n\r\n<p>Millets are mentioned as a treasured crops in the Bible.</p>\r\n\r\n<p>Easily digestible and&nbsp;<strong>provides serotonin</strong>&nbsp;which keeps us in happy mood.</p>\r\n', 'foxtail-millet', 80, 'foxtail-millet.jpg', '0000-00-00', 0),
(73, 6, 'Barnyard Millet', '<h1 style=\"background: rgb(238, 238, 238); border: 1px solid rgb(204, 204, 204); padding: 5px 10px;\">Original Price : <s>100</s></h1>\r\n\r\n<p>Banyard Millet tastes similar to broken rice and it&rsquo;s widely used as fasting food in India. Like other millets, barnyard millet is rich source of digestible protein that makes you feel light and energetic. Millets are known to aid in weight loss and improve heart health.</p>\r\n', 'barnyard-millet', 80, 'barnyard-millet.png', '0000-00-00', 0),
(74, 6, 'Horse Gram', '<h1 style=\"background: rgb(238, 238, 238); border: 1px solid rgb(204, 204, 204); padding: 5px 10px;\">Orginal Price :<s>&nbsp;80</s></h1>\r\n\r\n<p>Horse Gram</p>\r\n', 'horse-gram', 60, 'horse-gram.jpg', '0000-00-00', 0),
(75, 6, 'Organic Varagu', '<h1>Orginal Price : <s>150</s></h1>\r\n\r\n<p>&nbsp;</p>\r\n\r\n<p>Kodo Millet| Organic Varagu</p>\r\n\r\n<p>Common Name: Millets |&nbsp;Sirudhaneyam</p>\r\n', 'organic-varagu', 100, 'organic-varagu.jpg', '2022-06-21', 3),
(76, 7, ' FENNEL SEEDS', '<h1 style=\"background: rgb(238, 238, 238); border: 1px solid rgb(204, 204, 204); padding: 5px 10px;\">Orginal Price : <s>70</s></h1>\r\n\r\n<p>Fennel seeds are usually pale green or brown in colour and have an aroma similar to anise but in a much milder form. It has a slightly sweet taste which can be used to flavour curries, bread, chutneys and desserts. Fennel Seeds are also chewed after a meal as it aids digestion.<br />\r\nFennel seeds are used in various dishes as a seasoning, but it does more than just flavour the dishes. It is filled with nutrients and minerals like Vitamin C, iron, magnesium, calcium, and potassium, to name a few. Fennel Seeds help reduce inflammation and eliminates bacteria from our body.</p>\r\n', 'fennel-seeds', 50, 'fennel-seeds.jpg', '2022-06-21', 1),
(77, 7, 'CUMIN SEEDS', '<h1 style=\"background: rgb(238, 238, 238); border: 1px solid rgb(204, 204, 204); padding: 5px 10px;\">Orginal Price : <s>70</s></h1>\r\n\r\n<p>Cumin has a unique aroma and a strong flavour, which is perfect for seasoning vegetables, curries and rice-based dishes. A sprinkle of roasted cumin powder adds a delicious aroma to vegetables, buttermilk, stuffed rotis, kebabs and lemonade.</p>\r\n\r\n<p>Cumin is widely used to enhance the flavour of the dish along with its numerous health benefits. Apart from enhancing flavour, it also helps with digestion and it is known to be good for diabetes. Cumin also treats stomach problems. Cumin not only has digestive properties but is also known to cool down the body.</p>\r\n', 'cumin-seeds', 57, 'cumin-seeds.jpg', '0000-00-00', 0),
(78, 7, 'Organic Milagu', '<h1 style=\"background: rgb(238, 238, 238); border: 1px solid rgb(204, 204, 204); padding: 5px 10px;\">Orginal Price : <s>90</s></h1>\r\n\r\n<p>Our organic pepper is free from pesticide and chemicals. Spice up your kitchen with this versatile and original spice of South India. Organic pepper helps reduce bad cholesterol, diabetics and improves the overall health of gut and brain.</p>\r\n', 'organic-milagu', 80, 'organic-milagu.jpg', '0000-00-00', 0),
(79, 7, 'ORGANIC CLOVES', '<h1 style=\"background: rgb(238, 238, 238); border: 1px solid rgb(204, 204, 204); padding: 5px 10px;\">Orginal Price : <s>90</s></h1>\r\n\r\n<p>Why do we use cloves in Biryani? Cloves are known to have antimicrobial properties, which stops the growth of many harmful microorganisms. Cloves are also well known to cure gum diseases as it kills the harmful bacteria in the mouth. Cloves also reduces the growth of cancer cells.</p>\r\n', 'organic-cloves', 50, 'organic-cloves.jpg', '0000-00-00', 0),
(80, 7, 'STAR ANISE', '<h1 style=\"background: rgb(238, 238, 238); border: 1px solid rgb(204, 204, 204); padding: 5px 10px;\">Orginal Price : <s>150</s></h1>\r\n', 'star-anise', 100, 'star-anise.jpg', '0000-00-00', 0),
(81, 7, 'CARDAMOM', '<h1 style=\"background: rgb(238, 238, 238); border: 1px solid rgb(204, 204, 204); padding: 5px 10px;\">Original Price : <s>250</s></h1>\r\n\r\n<p>Cardamom is unique among spices. Used in desserts, tea, coffee, etc. We cannot simply define cardamom as a fragrant substance. It has many medicinal properties</p>\r\n', 'cardamom', 225, 'cardamom.jpg', '0000-00-00', 0),
(82, 7, 'Kudampuli', '<h1 style=\"background: rgb(238, 238, 238); border: 1px solid rgb(204, 204, 204); padding: 5px 10px;\">Original Price: <s>90</s></h1>\r\n\r\n<p>Kudampuli is a magical fruit and a versatile spice. This Malabar Tamarind is a natural anti-oxidant and is an effective catalyst in weight loss. Kudampuli is an integral part of Kerala&rsquo;s Ayurvedic medicine. Kudampuli has a sour taste and is used to prepare fish curry, juice and chutney.</p>\r\n', 'kudampuli', 79, 'kudampuli.jpg', '0000-00-00', 0),
(83, 7, 'Cinnamon', '<h1 style=\"background: rgb(238, 238, 238); border: 1px solid rgb(204, 204, 204); padding: 5px 10px;\">Original Price : <s>130</s></h1>\r\n\r\n<p>Cinnamon is sourced carefully to ensure good quality, which will make sure to add good taste to your food.</p>\r\n', 'cinnamon', 116, 'cinnamon.jpg', '0000-00-00', 0),
(84, 7, 'Vasambu', '<h1 style=\"background: rgb(238, 238, 238); border: 1px solid rgb(204, 204, 204); padding: 5px 10px;\">Original Price :<s> 80</s></h1>\r\n\r\n<p>Vasambu - Calamus Root</p>\r\n', 'vasambu', 74, 'vasambu.jpg', '2022-06-21', 1),
(85, 3, 'Double Side Rake & Trowel', '<h1 style=\"background: rgb(238, 238, 238); border: 1px solid rgb(204, 204, 204); padding: 5px 10px;\">Original Price :<s> 350</s></h1>\r\n\r\n<p>The Double Side Rake &amp; Trowel is highly beneficial for your garden. It clears leaves, grass, and other debris with the rake on one side and digs, scoops, and moves dirt with the Trowel the other side. It has a body of green-coated polished steel and a plastic handle for a comfortable and firm grip.</p>\r\n', 'double-side-rake-trowel', 295, 'double-side-rake-trowel.PNG', '2022-06-21', 1),
(86, 3, 'Single-Edge Sickle', '<h1 style=\"background: rgb(238, 238, 238); border: 1px solid rgb(204, 204, 204); padding: 5px 10px;\">Original Price : <s>335</s></h1>\r\n\r\n<p>The Single-Edge Sickle is one of the most ancient of harvesting tools. It is a superior quality tool used to cut grass or harvest crops very easily. It features a wooden handle which is provided for a firm grip and allows the user to complete their task with speed and efficiency.</p>\r\n', 'single-edge-sickle', 295, 'single-edge-sickle.PNG', '0000-00-00', 0),
(87, 3, 'Bent Scraper', '<h1 style=\"background: rgb(238, 238, 238); border: 1px solid rgb(204, 204, 204); padding: 5px 10px;\">Original Price : <s>380</s></h1>\r\n\r\n<p>The Bent Scraper is small in size and lesser weight. It&rsquo;s an ideal tool for light work around the garden and farms, such as removing small weeds and shrubs. It has a superior quality blade that performs its task with speed and ease. It is a great tool for women and young adults.</p>\r\n\r\n<p>&nbsp;</p>\r\n\r\n<p>&nbsp;</p>\r\n', 'bent-scraper', 350, 'bent-scraper.png', '0000-00-00', 0),
(88, 3, 'Single Prong Weeder', '<h1 style=\"background: rgb(238, 238, 238); border: 1px solid rgb(204, 204, 204); padding: 5px 10px;\">Original Price: <s>450</s></h1>\r\n\r\n<p>The Single Prong Weeder is an essential tool that is used for weeding and small root removal as well also to dig holes to sow seeds. It comes with a wooden handle for a powerful and firm grip and is perfectly sized for flower beds and small vegetable gardens.</p>\r\n', 'single-prong-weeder', 400, 'single-prong-weeder.PNG', '0000-00-00', 0),
(89, 3, 'Five Prong Weeder', '<h1 style=\"background: rgb(238, 238, 238); border: 1px solid rgb(204, 204, 204); padding: 5px 10px;\">Original Price: <s>250</s></h1>\r\n\r\n<p>The Five Prong Weeder comes with 5 metal prongs and wooden handles for comfortably turning soil and cleaning leaves from the garden. Designed to minimise your efforts while giving you maximum results. The product height is around 33 cm.</p>\r\n', 'five-prong-weeder', 225, 'five-prong-weeder.PNG', '0000-00-00', 0);

-- --------------------------------------------------------

--
-- Table structure for table `sales`
--

CREATE TABLE `sales` (
  `id` int(11) NOT NULL,
  `user_id` int(11) NOT NULL,
  `pay_id` varchar(50) NOT NULL,
  `sales_date` date NOT NULL
) ENGINE=InnoDB DEFAULT CHARSET=latin1;

-- --------------------------------------------------------

--
-- Table structure for table `users`
--

CREATE TABLE `users` (
  `id` int(11) NOT NULL,
  `email` varchar(200) NOT NULL,
  `password` varchar(60) NOT NULL,
  `type` int(1) NOT NULL DEFAULT 1,
  `firstname` varchar(50) NOT NULL,
  `lastname` varchar(50) NOT NULL,
  `address` text NOT NULL,
  `contact_info` varchar(100) NOT NULL,
  `photo` varchar(200) NOT NULL,
  `status` int(1) NOT NULL DEFAULT 1,
  `activate_code` varchar(15) NOT NULL,
  `reset_code` varchar(15) NOT NULL,
  `created_on` date NOT NULL
) ENGINE=InnoDB DEFAULT CHARSET=latin1;

--
-- Dumping data for table `users`
--

INSERT INTO `users` (`id`, `email`, `password`, `type`, `firstname`, `lastname`, `address`, `contact_info`, `photo`, `status`, `activate_code`, `reset_code`, `created_on`) VALUES
(1, 'admin@admin.com', '$2y$10$nl0L5XcTCNPE.HXzPvy71.qsjUQLkxA8I1TxJLAWp0.93D34pi8km', 1, 'AGRI', 'FARMER', '', '', 'istockphoto-1092520698-612x612.jpg', 1, '', '', '2018-05-01'),
(13, '95soundariya1@gmail.com', '$2y$10$7TVF5iQ8sjhXvAyrnduPMuJYwoNuhzhbjvbat9V9nK9MoUsWxJnki', 0, 'SUMAN', 'E', '', '', '', 1, 'MnNsimwPcbRo', '4AN6vbIsWySh7rR', '2022-05-30');

--
-- Indexes for dumped tables
--

--
-- Indexes for table `cart`
--
ALTER TABLE `cart`
  ADD PRIMARY KEY (`id`);

--
-- Indexes for table `category`
--
ALTER TABLE `category`
  ADD PRIMARY KEY (`id`);

--
-- Indexes for table `contact`
--
ALTER TABLE `contact`
  ADD PRIMARY KEY (`Id`);

--
-- Indexes for table `details`
--
ALTER TABLE `details`
  ADD PRIMARY KEY (`id`);

--
-- Indexes for table `products`
--
ALTER TABLE `products`
  ADD PRIMARY KEY (`id`);

--
-- Indexes for table `sales`
--
ALTER TABLE `sales`
  ADD PRIMARY KEY (`id`);

--
-- Indexes for table `users`
--
ALTER TABLE `users`
  ADD PRIMARY KEY (`id`);

--
-- AUTO_INCREMENT for dumped tables
--

--
-- AUTO_INCREMENT for table `cart`
--
ALTER TABLE `cart`
  MODIFY `id` int(11) NOT NULL AUTO_INCREMENT, AUTO_INCREMENT=4;

--
-- AUTO_INCREMENT for table `category`
--
ALTER TABLE `category`
  MODIFY `id` int(11) NOT NULL AUTO_INCREMENT, AUTO_INCREMENT=9;

--
-- AUTO_INCREMENT for table `contact`
--
ALTER TABLE `contact`
  MODIFY `Id` int(10) NOT NULL AUTO_INCREMENT, AUTO_INCREMENT=4;

--
-- AUTO_INCREMENT for table `details`
--
ALTER TABLE `details`
  MODIFY `id` int(11) NOT NULL AUTO_INCREMENT;

--
-- AUTO_INCREMENT for table `products`
--
ALTER TABLE `products`
  MODIFY `id` int(11) NOT NULL AUTO_INCREMENT, AUTO_INCREMENT=120;

--
-- AUTO_INCREMENT for table `sales`
--
ALTER TABLE `sales`
  MODIFY `id` int(11) NOT NULL AUTO_INCREMENT;

--
-- AUTO_INCREMENT for table `users`
--
ALTER TABLE `users`
  MODIFY `id` int(11) NOT NULL AUTO_INCREMENT, AUTO_INCREMENT=14;
COMMIT;

/*!40101 SET CHARACTER_SET_CLIENT=@OLD_CHARACTER_SET_CLIENT */;
/*!40101 SET CHARACTER_SET_RESULTS=@OLD_CHARACTER_SET_RESULTS */;
/*!40101 SET COLLATION_CONNECTION=@OLD_COLLATION_CONNECTION */;
